{
  "metadata": [
    {
      "src": [
        {
          "files": [ "*.csproj" ],
          "src": "../JavnaNabava"
        }
      ],
      "dest": "api",
	  "disableGitFeatures": false,
      "disableDefaultFilter": false
    }
  ],
  "build": {
    "content": [
      {
        "files": [
          "api/**.yml",
          "api/index.md"
        ]
      },
      {
        "files": [
          "articles/**.md",
          "articles/**/toc.yml",
          "toc.yml",
          "*.md"
        ]        
      }
    ],
    "resource": [
      {
        "files": [
          "images/**"
        ]        
      }
    ],
    "overwrite": [
      {
        "files": [
          "apidoc/**.md"
        ],
        "exclude": [
          "obj/**",
          "_site/**"
        ]
      }
    ],
    "dest": "_site",
	"globalMetadata": {
      "_appTitle": "Javna Nabava",
      "_appFooter": "&copy; RPPP, ZPR, FER 2021"      
    },
    "globalMetadataFiles": [],
    "fileMetadataFiles": [],
    "template": [
      "default"
    ],
    "postProcessors": [],
    "markdownEngineName": "markdig",
    "noLangKeyword": false,
    "keepFileLink": false,
    "cleanupCacheHistory": false,
    "disableGitFeatures": false
  }
}